feature,gini_importance,rank
COL5A2.1,0.12724652880412543,1
COL5A2.2,0.12705932447257068,2
COL5A2,0.11969778950395132,3
NDNF.2,0.04421621879459909,4
MYO16,0.03574020500879397,5
NDNF.1,0.03569135340791407,6
NDNF,0.03266370689736628,7
FAT1,0.03151039793773009,8
NPNT,0.029989202655303124,9
CBLN4,0.021759781503687778,10
